Algorithm,Encrypt Time,Decrypt Time
AES,0.0010608077049255372,6.348848342895508e-05
RSA,0.0005767560005187989,0.003360142707824707
